x,y,z,theta,phi,timestamp,
0.07755964,-0.102655105,-0.2914032,0.9479085,0.0,1560228727798
0.07793999,-0.100635126,-0.2891006,0.9487986,0.0,1560228727818
0.07777463,-0.09795996,-0.29131564,0.94841456,0.0,1560228727838
0.077553354,-0.09551304,-0.29511636,0.9475068,0.0,1560228727858
0.077929534,-0.09358582,-0.3017612,0.9455733,0.0,1560228727879
0.079202995,-0.09187394,-0.3106833,0.9427417,0.0,1560228727898
0.08283185,-0.090524375,-0.3116392,0.94224477,0.0,1560228727918
0.087191984,-0.08906577,-0.31337973,0.94141275,0.0,1560228727938
0.08973271,-0.08886526,-0.31326783,0.9412302,0.0,1560228727958
0.091569714,-0.08960879,-0.31553924,0.9402235,0.0,1560228727978
0.09304191,-0.08898876,-0.31563956,0.9401042,0.0,1560228727998
0.094733246,-0.08853913,-0.3216209,0.937948,0.0,1560228728018
0.096863076,-0.0873474,-0.32448095,0.9368565,0.0,1560228728038
0.09865437,-0.08650323,-0.33059257,0.9346085,0.0,1560228728058
0.10090274,-0.086093046,-0.33341253,0.93340385,0.0,1560228728078
0.1037767,-0.086376905,-0.33630142,0.9320251,0.0,1560228728098
0.10744466,-0.08613326,-0.33732593,0.9312615,0.0,1560228728118
0.11804592,-0.08239506,-0.34220344,0.9285327,0.0,1560228728139
0.12471687,-0.08015342,-0.34705153,0.9260542,0.0,1560228728158
0.13048859,-0.078353375,-0.35113913,0.9238695,0.0,1560228728178
0.13544233,-0.077710256,-0.35662892,0.92110384,0.0,1560228728198
0.14042015,-0.077620685,-0.36043647,0.91888124,0.0,1560228728218
0.14673524,-0.0763708,-0.3556472,0.91986483,0.0,1560228728238
0.15438008,-0.07488376,-0.35268098,0.9198779,0.0,1560228728258
0.16223095,-0.073346265,-0.34910902,0.92001325,0.0,1560228728278
0.16856344,-0.07311527,-0.34754613,0.91948473,0.0,1560228728298
0.17336962,-0.07320012,-0.3401731,0.92133975,0.0,1560228728318
0.1766887,-0.07454201,-0.33554125,0.9222997,0.0,1560228728338
0.17963646,-0.07567648,-0.32680538,0.92477137,0.0,1560228728358
0.1812365,-0.07726599,-0.3224442,0.925858,0.0,1560228728378
0.18086116,-0.07870041,-0.3207677,0.9263928,0.0,1560228728398
0.1809581,-0.07820851,-0.3173992,0.927575,0.0,1560228728418
0.18277803,-0.07699654,-0.31838495,0.9269815,0.0,1560228728438
0.18607756,-0.07503704,-0.32292825,0.92491186,0.0,1560228728458
0.19101632,-0.07317985,-0.32525602,0.9232367,0.0,1560228728478
0.19547538,-0.07255354,-0.32563844,0.9222174,0.0,1560228728498
0.19839396,-0.073694356,-0.32479388,0.92180145,0.0,1560228728518
0.20015767,-0.074161574,-0.3196397,0.9231833,0.0,1560228728538
0.20202893,-0.07453354,-0.31519422,0.9242736,0.0,1560228728558
0.20500962,-0.07561626,-0.3093398,0.9255064,0.0,1560228728577
0.20895217,-0.07738632,-0.29850674,0.9280324,0.0,1560228728598
0.212062,-0.08021558,-0.28962958,0.9298978,0.0,1560228728618
0.21353321,-0.0818514,-0.2823913,0.9316432,0.0,1560228728638
0.21623062,-0.08427742,-0.26977822,0.93453807,0.0,1560228728658
0.22095029,-0.086851634,-0.25386608,0.9376512,0.0,1560228728677
0.22641732,-0.08950149,-0.23713109,0.94047517,0.0,1560228728698
0.23006743,-0.09091423,-0.22236799,0.94305676,0.0,1560228728718
0.23016115,-0.09182978,-0.2166848,0.94426733,0.0,1560228728737
0.23019484,-0.09155572,-0.20790014,0.94625866,0.0,1560228728758
0.23054217,-0.091198996,-0.20470147,0.9469057,0.0,1560228728778
0.23206195,-0.08975585,-0.20587216,0.9464184,0.0,1560228728797
0.23332018,-0.0881317,-0.20928293,0.9455132,0.0,1560228728818
0.23212191,-0.08744618,-0.21233721,0.9451907,0.0,1560228728837
0.2285082,-0.086103514,-0.21511172,0.9455671,0.0,1560228728857
0.2250117,-0.08494001,-0.21960403,0.9454782,0.0,1560228728878
0.2240373,-0.08381055,-0.22135761,0.94540143,0.0,1560228728898
0.22470817,-0.08372433,-0.22193317,0.9451149,0.0,1560228728918
0.22475995,-0.084312186,-0.22170487,0.9451039,0.0,1560228728938
0.22320998,-0.08438308,-0.21920401,0.9460478,0.0,1560228728958
0.22207479,-0.08438962,-0.21822934,0.9465396,0.0,1560228728978
0.22175784,-0.08458485,-0.21798311,0.9466532,0.0,1560228728997
0.22066122,-0.08508348,-0.21541508,0.94745225,0.0,1560228729018
0.21715203,-0.08706159,-0.21240768,0.94876146,0.0,1560228729037
0.21344766,-0.0905086,-0.20696467,0.9504809,0.0,1560228729058
0.21126544,-0.09307733,-0.20024598,0.9521581,0.0,1560228729078
0.20741886,-0.09431085,-0.19911532,0.9531191,0.0,1560228729098
0.2014835,-0.09552432,-0.20389059,0.95326185,0.0,1560228729118
0.19110201,-0.09587135,-0.21440308,0.95305824,0.0,1560228729137
0.18128987,-0.09705579,-0.21429458,0.954878,0.0,1560228729158
0.17094737,-0.09990647,-0.20865127,0.9577371,0.0,1560228729177
0.15915023,-0.10086509,-0.20805033,0.95979816,0.0,1560228729198
0.15040343,-0.100455076,-0.20692946,0.9614925,0.0,1560228729218
0.14500721,-0.10018442,-0.20451608,0.96286505,0.0,1560228729238
0.14175393,-0.100820236,-0.19903694,0.9644301,0.0,1560228729257
0.13865978,-0.10186164,-0.19034922,0.96652204,0.0,1560228729277
0.13423662,-0.10222404,-0.18718587,0.9677253,0.0,1560228729297
0.12862162,-0.10061853,-0.19396941,0.96732014,0.0,1560228729318
0.1246972,-0.09708755,-0.20918393,0.9650216,0.0,1560228729337
0.12278306,-0.094637506,-0.21941523,0.96323675,0.0,1560228729358
0.12112168,-0.09380447,-0.22650062,0.9618876,0.0,1560228729378
0.11825504,-0.09572092,-0.2320908,0.9607222,0.0,1560228729398
0.11657604,-0.10042239,-0.22544923,0.9620281,0.0,1560228729417
0.11354479,-0.104428105,-0.21940735,0.96336013,0.0,1560228729437
0.109369874,-0.106852956,-0.22265013,0.9628331,0.0,1560228729457
0.10234605,-0.108246505,-0.22663382,0.9625202,0.0,1560228729477
0.094841085,-0.111305684,-0.23393945,0.96119124,0.0,1560228729497
0.090604424,-0.11523986,-0.23323454,0.9613076,0.0,1560228729517
0.089271516,-0.11917008,-0.22760907,0.962301,0.0,1560228729537
0.09090634,-0.12362601,-0.21620843,0.96421295,0.0,1560228729558
0.09398811,-0.12535055,-0.20973934,0.96512324,0.0,1560228729577
0.096596636,-0.12146245,-0.22403654,0.9621453,0.0,1560228729597
0.10283414,-0.11483079,-0.24299774,0.95770097,0.0,1560228729617
0.10742003,-0.10810774,-0.2642718,0.9523309,0.0,1560228729637
0.109679684,-0.104107656,-0.27706555,0.9488765,0.0,1560228729657
0.10810088,-0.103861496,-0.28090683,0.94795483,0.0,1560228729677
0.10543737,-0.1053635,-0.27992967,0.948378,0.0,1560228729697
0.104465514,-0.10538736,-0.28434384,0.94716895,0.0,1560228729717
0.105062544,-0.103781976,-0.2944746,0.94418,0.0,1560228729737
0.10658653,-0.101238556,-0.3069435,0.9403062,0.0,1560228729757
0.10729448,-0.09940401,-0.31887317,0.9364436,0.0,1560228729777
0.10787276,-0.09918767,-0.32487202,0.9343358,0.0,1560228729798
0.108110584,-0.10062732,-0.33177912,0.9317236,0.0,1560228729817
0.11025205,-0.10061208,-0.3292126,0.93238443,0.0,1560228729837
0.11306691,-0.10027621,-0.32933512,0.9320402,0.0,1560228729857
0.11671152,-0.10026013,-0.32489318,0.933151,0.0,1560228729877
0.12094488,-0.099856205,-0.32052258,0.93416613,0.0,1560228729897
0.12824143,-0.10155162,-0.3112128,0.936156,0.0,1560228729917
0.1377566,-0.10472659,-0.30192807,0.9374939,0.0,1560228729937
0.13777593,-0.10267831,-0.30724773,0.9359881,0.0,1560228729957
0.13694449,-0.10297976,-0.29833984,0.93895406,0.0,1560228729977
0.13932846,-0.10735101,-0.2759472,0.9449426,0.0,1560228729997
0.13786645,-0.10963552,-0.2599056,0.94943243,0.0,1560228730017
0.13977432,-0.11050153,-0.24686305,0.95252883,0.0,1560228730037
0.14240447,-0.10901288,-0.24181429,0.9536053,0.0,1560228730057
0.14551826,-0.10664558,-0.23496062,0.955115,0.0,1560228730077
0.14886022,-0.10484604,-0.22402263,0.9574246,0.0,1560228730097
0.1509507,-0.10418567,-0.21237303,0.9598213,0.0,1560228730117
0.15202454,-0.10438447,-0.19729838,0.9628425,0.0,1560228730137
0.15192421,-0.10402118,-0.17860256,0.9665401,0.0,1560228730157
0.1510663,-0.10203063,-0.16121626,0.96993715,0.0,1560228730177
0.15035304,-0.09815675,-0.15171582,0.9719781,0.0,1560228730197
0.15080409,-0.09247631,-0.14370215,0.9736816,0.0,1560228730216
0.1525546,-0.08772464,-0.14032416,0.9743411,0.0,1560228730237
0.15481298,-0.08367088,-0.13348542,0.97530186,0.0,1560228730257
0.1568697,-0.08143278,-0.123990715,0.97641534,0.0,1560228730277
0.15875027,-0.08037312,-0.11173161,0.9776781,0.0,1560228730297
0.16066517,-0.08006746,-0.0976891,0.97889364,0.0,1560228730317
0.16330354,-0.07984339,-0.079678476,0.9801063,0.0,1560228730337
0.16624524,-0.07951809,-0.06263085,0.9808755,0.0,1560228730357
0.1684043,-0.07884369,-0.044342775,0.9815586,0.0,1560228730377
0.16990101,-0.07867967,-0.026109451,0.98196816,0.0,1560228730397
0.17056182,-0.07931535,-0.010047161,0.98209816,0.0,1560228730417
0.17125694,-0.07875166,0.005456142,0.98205876,0.0,1560228730437
0.17225035,-0.07749418,0.016778152,0.9818569,0.0,1560228730457
0.17144437,-0.07672594,0.021984879,0.9819555,0.0,1560228730477
0.1694883,-0.07606866,0.02318496,0.9823185,0.0,1560228730497
0.16757987,-0.07509375,0.024337675,0.982693,0.0,1560228730517
0.16568403,-0.07461877,0.021467622,0.98311746,0.0,1560228730537
0.16319768,-0.07351954,0.02303503,0.9835806,0.0,1560228730556
0.1587544,-0.072310515,0.025739973,0.98433006,0.0,1560228730577
0.15285137,-0.070856474,0.027262365,0.9853287,0.0,1560228730597
0.14723046,-0.07004011,0.025772924,0.9862826,0.0,1560228730617
0.14414483,-0.069342434,0.029349426,0.98668766,0.0,1560228730636
0.14054127,-0.06875948,0.028604498,0.98727,0.0,1560228730657
0.13819483,-0.06896923,0.0331354,0.98744494,0.0,1560228730677
0.13555384,-0.07117252,0.037637655,0.98749334,0.0,1560228730697
0.13355444,-0.07352676,0.04439081,0.98731273,0.0,1560228730717
0.13065568,-0.0739827,0.045215223,0.9876291,0.0,1560228730737
0.1270449,-0.07444745,0.046485998,0.9880062,0.0,1560228730756
0.12666126,-0.07476614,0.045172963,0.9880923,0.0,1560228730776
0.12624454,-0.07153093,0.03678755,0.9887327,0.0,1560228730796
0.12514985,-0.06969524,0.032986835,0.989137,0.0,1560228730817
0.12449508,-0.07049524,0.034824505,0.9890999,0.0,1560228730836
0.12583521,-0.07145621,0.033725105,0.98889947,0.0,1560228730857
0.12817961,-0.06976038,0.030094998,0.9888366,0.0,1560228730877
0.12995829,-0.065996945,0.022132933,0.989073,0.0,1560228730896
0.130991,-0.061797623,0.014091133,0.98935527,0.0,1560228730916
0.1313972,-0.058973014,0.011909458,0.9895025,0.0,1560228730936
0.132007,-0.05779509,0.015741918,0.9894372,0.0,1560228730956
0.13403748,-0.05734566,0.017958058,0.9891526,0.0,1560228730977
0.13738258,-0.056007653,0.013075297,0.9888469,0.0,1560228730997
0.14073049,-0.05392768,0.0027379757,0.9885743,0.0,1560228731016
0.14172459,-0.052258346,-0.007665091,0.98849607,0.0,1560228731037
0.13893837,-0.05147519,-0.016386662,0.9888265,0.0,1560228731057
0.13437293,-0.05123082,-0.020843847,0.9893861,0.0,1560228731076
0.12916555,-0.049365927,-0.03311793,0.9898396,0.0,1560228731097
0.12788302,-0.048032813,-0.03814513,0.98989075,0.0,1560228731116
0.12904982,-0.04784276,-0.03993413,0.98967797,0.0,1560228731137
0.12604152,-0.045649134,-0.05545518,0.98942125,0.0,1560228731157
0.12139123,-0.041439936,-0.077862665,0.98867804,0.0,1560228731176
0.12003021,-0.038962126,-0.0983202,0.987121,0.0,1560228731197
0.12157548,-0.037620723,-0.112945214,0.9854174,0.0,1560228731216
0.12290352,-0.03644023,-0.1358205,0.982405,0.0,1560228731236
0.12200578,-0.03875839,-0.14125991,0.98166084,0.0,1560228731256
0.12215282,-0.042930584,-0.13218798,0.9827319,0.0,1560228731276
0.12210769,-0.04788069,-0.12190137,0.983838,0.0,1560228731296
0.123265654,-0.05161053,-0.11540993,0.9842878,0.0,1560228731316
0.12463265,-0.05402614,-0.10884503,0.98473376,0.0,1560228731336
0.12460435,-0.059448168,-0.09769817,0.9855936,0.0,1560228731356
0.12208293,-0.06217954,-0.09539121,0.9859665,0.0,1560228731376
0.11909801,-0.062425673,-0.09791864,0.98606825,0.0,1560228731396
0.11640786,-0.06203191,-0.09957294,0.9862487,0.0,1560228731416
0.117209055,-0.06380044,-0.08838794,0.98710644,0.0,1560228731436
0.12179707,-0.068399355,-0.064706,0.988079,0.0,1560228731456
0.12634628,-0.07327369,-0.042852987,0.9883477,0.0,1560228731476
0.12729618,-0.07491562,-0.032990795,0.9884811,0.0,1560228731496
0.1275395,-0.073850095,-0.026851906,0.98871577,0.0,1560228731516
0.12677428,-0.072887674,-0.017507624,0.9890951,0.0,1560228731536
0.12712467,-0.07157097,-0.0121724205,0.98922634,0.0,1560228731556
0.13018705,-0.07166192,0.009805775,0.9888477,0.0,1560228731576
0.13396555,-0.07234712,0.03277947,0.98779786,0.0,1560228731596
0.13549915,-0.07239957,0.05170311,0.9867751,0.0,1560228731616
0.13298093,-0.06932734,0.061958928,0.9867476,0.0,1560228731636
0.12924272,-0.066667356,0.071814984,0.98675954,0.0,1560228731656
0.12241428,-0.06439181,0.07944616,0.9871964,0.0,1560228731676
0.11715154,-0.061957117,0.0863015,0.98741525,0.0,1560228731696
0.11488298,-0.05838842,0.08894772,0.9876644,0.0,1560228731716
0.11562574,-0.054323312,0.08867604,0.9878341,0.0,1560228731736
0.11587823,-0.049993772,0.08193448,0.988615,0.0,1560228731756
0.114858404,-0.045110617,0.07645366,0.9894076,0.0,1560228731776
0.11377632,-0.041491974,0.07847772,0.98953253,0.0,1560228731796
0.11399159,-0.03901369,0.08186344,0.9893342,0.0,1560228731816
0.115400836,-0.034195714,0.08305371,0.9892499,0.0,1560228731836
0.118590854,-0.028164549,0.077610195,0.98950475,0.0,1560228731856
0.12302802,-0.021008063,0.06978899,0.9897233,0.0,1560228731876
0.12744361,-0.010938473,0.055569798,0.99022746,0.0,1560228731896
0.12880361,-0.008858787,0.061208747,0.98973966,0.0,1560228731916
0.13139662,-0.0066712736,0.066838,0.98905164,0.0,1560228731936
0.13539727,-0.002924412,0.06525426,0.9886359,0.0,1560228731956
0.14069052,0.002292383,0.06047825,0.98820204,0.0,1560228731976
0.14677428,0.006507866,0.05749843,0.987476,0.0,1560228731996
0.15246488,0.009282335,0.06279783,0.9862681,0.0,1560228732016
0.15648945,0.011379924,0.06665405,0.9853623,0.0,1560228732035
0.15841731,0.013972012,0.07079262,0.98473203,0.0,1560228732056
0.15989278,0.016962534,0.07614389,0.9840471,0.0,1560228732076
0.16136664,0.02133615,0.07996982,0.9834177,0.0,1560228732096
0.16289848,0.025144234,0.08275376,0.9828447,0.0,1560228732116
0.16394736,0.027535679,0.089354,0.98202795,0.0,1560228732136
0.1633811,0.030671539,0.09513151,0.98148656,0.0,1560228732155
0.16255063,0.0328375,0.095922284,0.98147744,0.0,1560228732176
0.16101205,0.036138013,0.097071566,0.98150206,0.0,1560228732195
0.16060452,0.039749563,0.09478363,0.9816528,0.0,1560228732216
0.16185841,0.042979054,0.09379085,0.9814061,0.0,1560228732236
0.1655199,0.04558915,0.08890653,0.9811322,0.0,1560228732256
0.17101005,0.047684725,0.08572521,0.98037386,0.0,1560228732276
0.17432179,0.04924926,0.08190547,0.9800398,0.0,1560228732296
0.17686802,0.050437633,0.07457102,0.9801086,0.0,1560228732315
0.17866704,0.052131366,0.0683963,0.980144,0.0,1560228732336
0.18103676,0.053297296,0.064297035,0.97992396,0.0,1560228732356
0.1844404,0.05415214,0.06254826,0.9793554,0.0,1560228732376
0.18852758,0.054843113,0.06505815,0.97837466,0.0,1560228732396
0.19121845,0.055229448,0.06478278,0.9778489,0.0,1560228732416
0.19340526,0.055441592,0.06298512,0.97752416,0.0,1560228732436
0.19519366,0.055829342,0.06143726,0.9772451,0.0,1560228732456
0.1955059,0.056475025,0.05943964,0.9772691,0.0,1560228732476
0.19845821,0.058222488,0.04999256,0.97710043,0.0,1560228732496
0.19847965,0.060482454,0.04517027,0.9771936,0.0,1560228732516
0.19953275,0.061981674,0.035029933,0.9773013,0.0,1560228732536
0.20115499,0.063941315,0.02596934,0.9771253,0.0,1560228732555
0.20177418,0.06642864,0.019405566,0.976984,0.0,1560228732576
0.19915003,0.06813999,0.011990104,0.9775236,0.0,1560228732596
0.19146971,0.068703525,0.0048059034,0.9790792,0.0,1560228732615
0.18083702,0.068553805,0.00060381385,0.98112077,0.0,1560228732635
0.16831933,0.06884447,-0.0030857555,0.98332065,0.0,1560228732655
0.15939045,0.06944504,-0.009161301,0.98472744,0.0,1560228732675
0.15182796,0.066721745,-0.0025556167,0.9861491,0.0,1560228732696
0.14868665,0.061197735,0.013850053,0.98689175,0.0,1560228732716
0.14545453,0.057627283,0.028727401,0.9872674,0.0,1560228732736
0.13805029,0.056742303,0.040165976,0.98798233,0.0,1560228732756
0.13277617,0.052847672,0.060364515,0.9878936,0.0,1560228732775
0.12984937,0.04798105,0.07993776,0.9871408,0.0,1560228732796
0.12973855,0.04468278,0.09672498,0.9858071,0.0,1560228732816
0.12974942,0.044132013,0.1062604,0.9848483,0.0,1560228732836
0.12732749,0.043340463,0.116591096,0.9840304,0.0,1560228732855
0.1253906,0.0407103,0.13548562,0.9819692,0.0,1560228732875
0.13136218,0.033958305,0.16014943,0.97772336,0.0,1560228732896
0.1347884,0.028864603,0.18139635,0.97370136,0.0,1560228732915
0.13168024,0.025284557,0.20282489,0.96999127,0.0,1560228732935
0.13041326,0.023008835,0.22168592,0.966084,0.0,1560228732956
0.12862241,0.023287637,0.22955148,0.96447915,0.0,1560228732975
0.12707563,0.024126058,0.23916377,0.9623255,0.0,1560228732996
0.12657693,0.022677394,0.25483084,0.9583972,0.0,1560228733015
0.1264472,0.02064614,0.2723615,0.9536268,0.0,1560228733036
0.1264904,0.021086266,0.2830936,0.9504807,0.0,1560228733056
0.12601936,0.02334621,0.2886165,0.948828,0.0,1560228733075
0.12504756,0.024481282,0.29801282,0.9460191,0.0,1560228733096
0.12503909,0.022417901,0.31387296,0.9409285,0.0,1560228733115
0.126094,0.020184672,0.3332558,0.9341485,0.0,1560228733135
0.12828879,0.018513698,0.34587178,0.9292857,0.0,1560228733155
0.13028385,0.018036366,0.35164064,0.9268493,0.0,1560228733175
0.13144471,0.018457819,0.35658503,0.9247858,0.0,1560228733195
0.13248214,0.018555045,0.36440167,0.92158324,0.0,1560228733216
0.13322453,0.018197304,0.3679363,0.9200777,0.0,1560228733236
0.13462189,0.016914917,0.3653246,0.9209391,0.0,1560228733255
0.13624515,0.017106026,0.35948533,0.9229924,0.0,1560228733275
0.13631034,0.01959972,0.34702942,0.9276885,0.0,1560228733295
0.13486806,0.02384967,0.3297421,0.93408346,0.0,1560228733316
0.13472709,0.028558612,0.3119462,0.9400652,0.0,1560228733335
0.13618137,0.030896982,0.297746,0.9443767,0.0,1560228733355
0.13623792,0.031305913,0.28982544,0.9468159,0.0,1560228733376
0.13492952,0.030468034,0.2817616,0.949461,0.0,1560228733395
0.13320258,0.030428585,0.2732263,0.9521967,0.0,1560228733415
0.13090922,0.032729723,0.26422155,0.95497566,0.0,1560228733435
0.12912974,0.035348583,0.2526932,0.9582391,0.0,1560228733455
0.12847784,0.037217367,0.24398182,0.9605109,0.0,1560228733476
0.12874447,0.03721319,0.23769175,0.9620513,0.0,1560228733495
0.1295645,0.037126563,0.22833449,0.9642085,0.0,1560228733515
0.13106805,0.037461143,0.21945654,0.9660521,0.0,1560228733536
0.133444,0.038445476,0.21002233,0.9677837,0.0,1560228733555
0.13549954,0.03963438,0.20040108,0.96948874,0.0,1560228733575
0.13561587,0.04087939,0.20047216,0.96940607,0.0,1560228733595
0.13467325,0.040222406,0.19903928,0.96986014,0.0,1560228733615
0.13306978,0.03981663,0.1986273,0.9701826,0.0,1560228733635
0.13026367,0.041270975,0.1943377,0.97137064,0.0,1560228733655
0.12812884,0.04371329,0.18974654,0.97245485,0.0,1560228733675
0.12575698,0.0464601,0.18247621,0.9740273,0.0,1560228733695
0.12287619,0.04835329,0.17470072,0.97572696,0.0,1560228733715
0.119074255,0.049445003,0.16637245,0.9775974,0.0,1560228733735
0.11559451,0.050279666,0.15788166,0.979379,0.0,1560228733755
0.11410639,0.051258933,0.14507014,0.98148197,0.0,1560228733775
0.11461495,0.05230973,0.13006207,0.98346883,0.0,1560228733795
0.1159124,0.0537097,0.11211923,0.98544854,0.0,1560228733815
0.1178708,0.055508766,0.096571855,0.9867619,0.0,1560228733835
0.120762765,0.056988988,0.08070935,0.9877523,0.0,1560228733855
0.12341749,0.057236683,0.07064162,0.98818105,0.0,1560228733875
0.12563069,0.056383975,0.07018932,0.9879834,0.0,1560228733895
0.12763385,0.0549559,0.072448716,0.98764396,0.0,1560228733915
0.12983395,0.052819315,0.07662445,0.98715854,0.0,1560228733934
0.13124053,0.050881475,0.08231719,0.9866159,0.0,1560228733955
0.13362181,0.049226165,0.08965179,0.9857406,0.0,1560228733974
0.13498792,0.04871109,0.09369394,0.985204,0.0,1560228733994
0.13648555,0.04811034,0.097155824,0.98469174,0.0,1560228734015
0.13776821,0.0464224,0.1059093,0.98369104,0.0,1560228734035
0.13841835,0.04422297,0.11910007,0.9821914,0.0,1560228734055
0.13731673,0.04244758,0.13331214,0.98059684,0.0,1560228734075
0.13520733,0.04249576,0.14834093,0.97872776,0.0,1560228734095
0.13334927,0.04401691,0.1583497,0.97734636,0.0,1560228734115
0.13157922,0.04724386,0.16985548,0.97550195,0.0,1560228734134
0.12939145,0.050350167,0.17737727,0.9742998,0.0,1560228734155
0.12819473,0.051713753,0.18787186,0.9724176,0.0,1560228734174
0.12914608,0.05165453,0.19980904,0.9699121,0.0,1560228734194
0.13033627,0.05267998,0.20897597,0.96776354,0.0,1560228734215
0.12967147,0.05594735,0.21346638,0.9666888,0.0,1560228734235
0.12749742,0.060157783,0.21598555,0.9661655,0.0,1560228734254
0.12537338,0.06445261,0.21914153,0.96545553,0.0,1560228734275
0.124852486,0.06714248,0.22439288,0.96413255,0.0,1560228734295
0.12403539,0.07033048,0.22347312,0.96422434,0.0,1560228734314
0.12278603,0.0726904,0.2238692,0.96411735,0.0,1560228734334
0.12025601,0.0749396,0.22293305,0.9644809,0.0,1560228734354
0.11823637,0.07718556,0.22471207,0.9641406,0.0,1560228734375
0.11799792,0.07937123,0.22510588,0.96390045,0.0,1560228734394
0.119077355,0.08185609,0.22576739,0.963405,0.0,1560228734414
0.11982716,0.08441052,0.2241147,0.9634775,0.0,1560228734435
0.12062018,0.08740745,0.22287822,0.96339816,0.0,1560228734454
0.12034016,0.09161002,0.22028579,0.96363896,0.0,1560228734474
0.119813174,0.09614879,0.21396951,0.9646851,0.0,1560228734494
0.122600675,0.09712796,0.21585661,0.9638159,0.0,1560228734515
0.12525053,0.097301595,0.21965784,0.96259815,0.0,1560228734535
0.12547544,0.097389214,0.22032847,0.9624067,0.0,1560228734554
0.12534626,0.0992153,0.22063753,0.96216613,0.0,1560228734575
0.12635997,0.10289435,0.21935338,0.96194077,0.0,1560228734595
0.12815931,0.10705947,0.21364161,0.9625335,0.0,1560228734615
0.12904567,0.110371195,0.21057945,0.9627158,0.0,1560228734635
0.12783392,0.11323022,0.2111449,0.96242154,0.0,1560228734655
0.12394436,0.11676667,0.20956254,0.9628535,0.0,1560228734675
0.119171485,0.12108859,0.20564862,0.96376574,0.0,1560228734695
0.11510279,0.12651129,0.19916528,0.9649246,0.0,1560228734715
0.11301407,0.13167995,0.18969536,0.96638703,0.0,1560228734735
0.11104313,0.1361976,0.18222997,0.9674254,0.0,1560228734755
0.10991603,0.1404961,0.17030528,0.9691106,0.0,1560228734774
0.10831345,0.1441968,0.15984234,0.97052866,0.0,1560228734794
0.106698275,0.1480903,0.14761744,0.9720565,0.0,1560228734815
0.1058105,0.15197276,0.13299431,0.9736637,0.0,1560228734835
0.10536114,0.15580332,0.120287925,0.97475904,0.0,1560228734854
0.105312705,0.15796123,0.108509466,0.9757987,0.0,1560228734874
0.10389452,0.15777847,0.10681253,0.9761675,0.0,1560228734895
0.10321984,0.15567607,0.10816487,0.9764277,0.0,1560228734914
0.103140496,0.15278926,0.11914631,0.9756135,0.0,1560228734934
0.104248084,0.15094635,0.12868637,0.97457033,0.0,1560228734954
0.10489707,0.14924477,0.14075157,0.9730938,0.0,1560228734974
0.10363086,0.14631493,0.15758973,0.97109115,0.0,1560228734995
0.10042945,0.1415734,0.1780547,0.96859044,0.0,1560228735014
0.09655555,0.13761948,0.19722597,0.96583635,0.0,1560228735035
0.09369373,0.13544142,0.2143718,0.9627678,0.0,1560228735054
0.09274185,0.13383758,0.22786152,0.9599821,0.0,1560228735074
0.09329055,0.13214518,0.23976706,0.9572598,0.0,1560228735094
0.09575408,0.12959419,0.2491428,0.9549683,0.0,1560228735114
0.10033701,0.12628695,0.25820938,0.95252925,0.0,1560228735134
0.10598223,0.12216995,0.26571134,0.95038927,0.0,1560228735154
0.11018914,0.11909524,0.27464384,0.94775814,0.0,1560228735174
0.11267341,0.11606491,0.28298876,0.945384,0.0,1560228735194
0.113694854,0.11200756,0.29062203,0.9434334,0.0,1560228735215
0.11310955,0.106274664,0.3040107,0.93994117,0.0,1560228735234
0.10963975,0.10270244,0.31541902,0.9369857,0.0,1560228735254
0.10737334,0.10029265,0.3226562,0.9350429,0.0,1560228735274
0.10585887,0.09928254,0.32751283,0.93363386,0.0,1560228735294
0.10495947,0.099066004,0.3322713,0.93207574,0.0,1560228735315
0.104261145,0.09908881,0.3386901,0.9298387,0.0,1560228735334
0.10385047,0.09876938,0.34377384,0.9280513,0.0,1560228735354
0.10475546,0.09749999,0.34834832,0.9263765,0.0,1560228735374
0.10689169,0.095405705,0.35367087,0.92433155,0.0,1560228735394
0.110905536,0.09154103,0.35702324,0.9229597,0.0,1560228735415
0.115237825,0.086603954,0.36013934,0.9216939,0.0,1560228735434
0.117494516,0.082234114,0.3617646,0.9211726,0.0,1560228735454
0.116270356,0.079592295,0.36281195,0.92114806,0.0,1560228735474
0.118074246,0.078549616,0.35612538,0.9236142,0.0,1560228735494
0.12511198,0.07869655,0.34453046,0.9270667,0.0,1560228735514
0.13631757,0.080094874,0.32118228,0.933726,0.0,1560228735534
0.14693554,0.081875,0.29587913,0.94029886,0.0,1560228735554
0.153867,0.0825516,0.2804355,0.943857,0.0,1560228735574
0.15877154,0.08224276,0.27209777,0.94551075,0.0,1560228735594
0.16409613,0.0815671,0.268893,0.94557697,0.0,1560228735614
0.16987178,0.08215423,0.26420423,0.9458279,0.0,1560228735634
0.17637965,0.08756211,0.2428907,0.9498564,0.0,1560228735654
0.17417318,0.090741605,0.23757546,0.95130837,0.0,1560228735674
0.17087147,0.09294981,0.23484233,0.95237195,0.0,1560228735694
0.16880085,0.09608343,0.22952805,0.95372486,0.0,1560228735714
0.16713093,0.09987877,0.21928576,0.9560362,0.0,1560228735734
0.1651315,0.10335136,0.2071032,0.9587275,0.0,1560228735754
0.16342646,0.10537118,0.19608447,0.96111375,0.0,1560228735773
0.1620841,0.10710024,0.19490546,0.9613897,0.0,1560228735794
0.16195515,0.107518636,0.1922413,0.961901,0.0,1560228735814
0.16176033,0.10785453,0.19051404,0.9622398,0.0,1560228735834
0.15886703,0.10775347,0.19331816,0.9621739,0.0,1560228735854
0.15455416,0.10689365,0.19951215,0.96170765,0.0,1560228735873
0.15068981,0.10506303,0.21101773,0.96006554,0.0,1560228735894
0.14859895,0.10212512,0.22394337,0.95777774,0.0,1560228735914
0.14758271,0.0995208,0.23489623,0.9555829,0.0,1560228735933
0.14750354,0.09693839,0.23852192,0.95496225,0.0,1560228735954
0.14653046,0.09422349,0.24387057,0.9540324,0.0,1560228735974
0.1435039,0.09165512,0.2578784,0.9510545,0.0,1560228735993
0.14070186,0.08864893,0.27244708,0.9476903,0.0,1560228736013
0.13800916,0.0872614,0.28428376,0.9447336,0.0,1560228736034
0.1339062,0.0869011,0.29212275,0.94296426,0.0,1560228736054
0.1282987,0.08731519,0.30167037,0.94069684,0.0,1560228736074
0.12272243,0.08782856,0.30785733,0.9393877,0.0,1560228736094
0.11816028,0.088570856,0.31357965,0.93800914,0.0,1560228736114
0.11525639,0.08951947,0.31652626,0.93729043,0.0,1560228736134
0.11495917,0.089904055,0.31529182,0.9377061,0.0,1560228736154
0.11602093,0.089550264,0.31218,0.93864983,0.0,1560228736173
0.11756391,0.088268235,0.3098225,0.93936014,0.0,1560228736194
0.11894997,0.08629811,0.31136534,0.93885845,0.0,1560228736214
0.12093475,0.08386051,0.3077787,0.9400077,0.0,1560228736234
0.12243543,0.08122669,0.3082798,0.9398805,0.0,1560228736254
0.12164994,0.07850059,0.31224823,0.9389036,0.0,1560228736273
0.119392656,0.07567064,0.31354392,0.93899393,0.0,1560228736294
0.11702919,0.0736533,0.31206506,0.939944,0.0,1560228736314
0.11608018,0.07356023,0.30071962,0.9437595,0.0,1560228736334
0.11722083,0.07616131,0.2851615,0.9482308,0.0,1560228736354
0.120095745,0.08008497,0.261381,0.95438117,0.0,1560228736374
0.123823434,0.08464671,0.23777512,0.9596696,0.0,1560228736393
0.12632944,0.08821779,0.22108963,0.9630046,0.0,1560228736413
0.12599726,0.08989134,0.2098379,0.96540785,0.0,1560228736434
0.124272525,0.0907772,0.19868813,0.9679044,0.0,1560228736453
0.122334205,0.09207668,0.18498194,0.9707409,0.0,1560228736473
0.12033565,0.093803525,0.17119646,0.97335094,0.0,1560228736494
0.11827699,0.09534088,0.15864009,0.9755788,0.0,1560228736513
0.11526276,0.09650286,0.14808322,0.97748303,0.0,1560228736533
0.11112075,0.09790771,0.14514612,0.9782632,0.0,1560228736554
0.10727549,0.09829278,0.13994254,0.97941136,0.0,1560228736573
0.10431884,0.09845933,0.1375951,0.9800464,0.0,1560228736593
0.10334607,0.09887182,0.13226156,0.9808419,0.0,1560228736613
0.10505175,0.09873112,0.12003324,0.9822466,0.0,1560228736634
0.10743,0.09843081,0.112248585,0.98293966,0.0,1560228736654
0.10911289,0.09802194,0.10795178,0.9832764,0.0,1560228736673
0.110291004,0.097370684,0.1051384,0.9835145,0.0,1560228736693
0.1110771,0.096787564,0.10139822,0.9838762,0.0,1560228736713
0.11119585,0.09738081,0.09510192,0.9844329,0.0,1560228736733
0.11134488,0.09882303,0.08735124,0.9849904,0.0,1560228736753
0.1121502,0.10016354,0.07893496,0.98547393,0.0,1560228736773
0.112800315,0.10114907,0.07337505,0.9857287,0.0,1560228736793
0.112794526,0.1011604,0.07046641,0.9859404,0.0,1560228736813
0.11189395,0.10060206,0.073961,0.9858442,0.0,1560228736833
0.111307435,0.1002647,0.074648276,0.98589313,0.0,1560228736853
0.112017006,0.10014778,0.069172695,0.986224,0.0,1560228736873
0.1136547,0.10057756,0.0659313,0.9862149,0.0,1560228736893
0.11604327,0.1006303,0.058791038,0.98638284,0.0,1560228736913
0.11776838,0.10077357,0.054163776,0.9864287,0.0,1560228736933
0.11821097,0.10062104,0.05162588,0.98652744,0.0,1560228736953
0.117237605,0.10050041,0.053143576,0.98657525,0.0,1560228736974
0.11657341,0.10086554,0.05389415,0.986576,0.0,1560228736993
0.11786452,0.1017276,0.05021231,0.98652834,0.0,1560228737013
0.12107289,0.10300971,0.04402596,0.9863022,0.0,1560228737033
0.12442668,0.10500155,0.039040145,0.98588467,0.0,1560228737053
0.1270589,0.10699732,0.032090794,0.985585,0.0,1560228737073
0.12804946,0.10777852,0.030044196,0.9854362,0.0,1560228737094
0.1270078,0.10759325,0.031947307,0.9855314,0.0,1560228737114
0.1253701,0.10743271,0.03570725,0.9856295,0.0,1560228737133
0.12441001,0.10759574,0.039908305,0.9855722,0.0,1560228737153
0.1253111,0.10746801,0.041433282,0.9854091,0.0,1560228737173
0.12739448,0.10678658,0.04327611,0.98513675,0.0,1560228737193
0.12861651,0.106001414,0.051439494,0.9846702,0.0,1560228737213
0.12906046,0.105052784,0.059772965,0.9842431,0.0,1560228737233
0.12869187,0.104548745,0.06847692,0.9837779,0.0,1560228737253
0.12729569,0.10402182,0.080245666,0.98312557,0.0,1560228737273
0.12532802,0.10308498,0.093082435,0.98234516,0.0,1560228737293
0.12433919,0.102178276,0.106417894,0.98121077,0.0,1560228737313
0.1263822,0.1009577,0.115911834,0.9799998,0.0,1560228737333
0.13084741,0.09928179,0.122848555,0.97873914,0.0,1560228737353
0.1351595,0.096670836,0.13346784,0.9770225,0.0,1560228737373
0.13826087,0.093486264,0.14521956,0.97522074,0.0,1560228737392
0.13866897,0.09087299,0.15785208,0.9734453,0.0,1560228737413
0.13646339,0.089517854,0.16516587,0.97266877,0.0,1560228737433
0.13335575,0.08764811,0.17229395,0.9720334,0.0,1560228737453
0.13009061,0.08413755,0.1809875,0.9712059,0.0,1560228737473
0.12555057,0.08062484,0.19562165,0.969262,0.0,1560228737493
0.1232506,0.078407094,0.20229332,0.96836925,0.0,1560228737513
0.12325332,0.07730239,0.20684047,0.96749675,0.0,1560228737533
0.12565438,0.074509084,0.21249919,0.96617985,0.0,1560228737553
0.12867491,0.07031102,0.21936722,0.9645606,0.0,1560228737574
0.13151571,0.066440865,0.22753464,0.9625576,0.0,1560228737593
0.13414443,0.062938556,0.23296702,0.9611297,0.0,1560228737612
0.13605902,0.058815178,0.23589842,0.9604065,0.0,1560228737633
0.13642825,0.055344854,0.24007986,0.9595238,0.0,1560228737653
0.1363934,0.05227652,0.24573053,0.95826954,0.0,1560228737673
0.13768773,0.04994919,0.24661948,0.95798016,0.0,1560228737693
0.14015964,0.047105055,0.2465863,0.9577743,0.0,1560228737713
0.14233479,0.04460807,0.24899548,0.9569494,0.0,1560228737733
0.1447994,0.041473318,0.25204355,0.9559221,0.0,1560228737753
0.14698772,0.038980957,0.2535086,0.95530546,0.0,1560228737773
0.14772643,0.038485862,0.2518237,0.9556571,0.0,1560228737792
0.1479379,0.037500843,0.25128144,0.9558063,0.0,1560228737812
0.1502365,0.035781767,0.25858745,0.9535624,0.0,1560228737833
0.14955021,0.036704067,0.26055577,0.9530993,0.0,1560228737853
0.1502784,0.037672114,0.26023275,0.95303524,0.0,1560228737873
0.15016037,0.037795875,0.26595268,0.9514686,0.0,1560228737893
0.14870402,0.036888167,0.27140492,0.95019245,0.0,1560228737913
0.14715111,0.035249084,0.27564,0.9492769,0.0,1560228737933
0.14544384,0.034710094,0.276117,0.9494212,0.0,1560228737952
0.14405443,0.036155857,0.2693082,0.95153254,0.0,1560228737973
0.14341155,0.03876721,0.2598535,0.95415217,0.0,1560228737993
0.1450319,0.03851725,0.2545083,0.9553574,0.0,1560228738013
0.14974336,0.03247143,0.2602802,0.95329785,0.0,1560228738033
0.14883149,0.027068527,0.2643522,0.95248854,0.0,1560228738053
0.14164878,0.026784176,0.26731312,0.9527654,0.0,1560228738073
0.13414747,0.022749126,0.2816384,0.9498246,0.0,1560228738092
0.1299104,0.016884802,0.29591367,0.9461888,0.0,1560228738112
0.12834172,0.014912235,0.30122578,0.9447587,0.0,1560228738133
0.12749942,0.01663641,0.29769424,0.9459626,0.0,1560228738152
0.1248996,0.019883925,0.28941244,0.9488125,0.0,1560228738172
0.121930234,0.019658878,0.2879042,0.9496619,0.0,1560228738193
0.12529714,0.014245584,0.2988857,0.9459202,0.0,1560228738212
0.13157357,0.0084402,0.30682284,0.94259053,0.0,1560228738232
0.125622,0.009104818,0.3098852,0.9423945,0.0,1560228738253
0.11716961,0.010411183,0.3138181,0.9421683,0.0,1560228738273
0.11352062,0.009205651,0.3163376,0.9417849,0.0,1560228738293
0.11117978,0.007693091,0.31854698,0.94133294,0.0,1560228738312
0.10839806,0.007010804,0.3161045,0.94248533,0.0,1560228738333
0.10616166,0.006324715,0.31553176,0.9429366,0.0,1560228738352
0.10366024,0.0054973573,0.30978385,0.94512343,0.0,1560228738373
0.09974472,0.0069491053,0.29648262,0.9497898,0.0,1560228738392
0.095112436,0.0091133425,0.28283352,0.9543981,0.0,1560228738412
0.09088223,0.009247543,0.26948422,0.95866215,0.0,1560228738432
0.08762339,0.008102521,0.26211306,0.9610168,0.0,1560228738452
0.08533332,0.0066396925,0.24679843,0.9652796,0.0,1560228738472
0.08441761,0.0068338765,0.23113583,0.96922815,0.0,1560228738492
0.08437237,0.0075389775,0.21065727,0.9738829,0.0,1560228738512
0.08409253,0.008316624,0.19001347,0.9781381,0.0,1560228738532
0.08298032,0.00871588,0.16957532,0.9819789,0.0,1560228738552
0.08169485,0.00854912,0.15130183,0.98506886,0.0,1560228738572
0.080726855,0.008782677,0.1392289,0.9869252,0.0,1560228738592
0.080090724,0.009839258,0.124477014,0.9889359,0.0,1560228738612
0.08043161,0.012651644,0.10644718,0.99097914,0.0,1560228738632
0.081672296,0.015180739,0.08969889,0.9924985,0.0,1560228738652
0.08304287,0.015751993,0.08004814,0.9932009,0.0,1560228738672
0.08370534,0.01576535,0.07329654,0.9936662,0.0,1560228738692
0.08443678,0.016069664,0.06761181,0.99400246,0.0,1560228738712
0.085307166,0.016465398,0.063156694,0.99421465,0.0,1560228738732
0.085062146,0.016470524,0.063732736,0.9941988,0.0,1560228738752
0.083180994,0.014913911,0.067254804,0.9941505,0.0,1560228738772
0.08085329,0.012093676,0.08317022,0.99317634,0.0,1560228738793
0.07874189,0.009108388,0.09820431,0.9920044,0.0,1560228738812
0.07758611,0.0067549185,0.11350855,0.99047995,0.0,1560228738832
0.07842392,0.0045625865,0.12828921,0.98862064,0.0,1560228738852
0.07825937,0.00319931,0.13839403,0.9872752,0.0,1560228738872
0.07847232,0.0014330262,0.1459594,0.9861723,0.0,1560228738892
0.07872348,0.0003781838,0.15407535,0.9849179,0.0,1560228738912
0.078121014,-0.00038747507,0.15400921,0.98497623,0.0,1560228738932
0.07881413,-0.0027632355,0.15791683,0.9842982,0.0,1560228738953
0.079124376,-0.005867482,0.16533414,0.983041,0.0,1560228738972
0.07864227,-0.008532273,0.17125607,0.9820458,0.0,1560228738992
0.0775941,-0.009996556,0.17559114,0.9813496,0.0,1560228739012
0.077834226,-0.011069926,0.17634869,0.9811832,0.0,1560228739032
0.0780381,-0.011605106,0.17581184,0.98125714,0.0,1560228739052
0.0786252,-0.013028801,0.17417699,0.98148394,0.0,1560228739072
0.080395766,-0.015876608,0.17493066,0.98116446,0.0,1560228739093
0.08149145,-0.01848086,0.17245588,0.98146653,0.0,1560228739113
0.081578836,-0.020173626,0.16456354,0.9827801,0.0,1560228739132
0.0815826,-0.021339336,0.1556013,0.98421395,0.0,1560228739152
0.08058058,-0.022650076,0.14836973,0.9853833,0.0,1560228739172
0.07806638,-0.024998385,0.14569819,0.98592734,0.0,1560228739192
0.07436606,-0.02840453,0.14665636,0.9859791,0.0,1560228739212
0.07071633,-0.03153919,0.1484268,0.9858874,0.0,1560228739232
0.06826757,-0.033880167,0.14462678,0.9865469,0.0,1560228739252
0.06719339,-0.033423472,0.13595659,0.98786825,0.0,1560228739272
0.06663683,-0.030225025,0.1201768,0.9900523,0.0,1560228739291
0.06620904,-0.026060537,0.10201846,0.9922346,0.0,1560228739312
0.06613362,-0.023762183,0.08844884,0.99359876,0.0,1560228739332
0.06604921,-0.02323214,0.080765404,0.9942709,0.0,1560228739352
0.06578092,-0.022938212,0.07228672,0.9949479,0.0,1560228739372
0.066564135,-0.02282516,0.06638429,0.99530965,0.0,1560228739392
0.068339564,-0.022459472,0.06312132,0.99540997,0.0,1560228739412
0.069974035,-0.022193002,0.0633381,0.9952886,0.0,1560228739432
0.06894853,-0.02258506,0.06708101,0.9951061,0.0,1560228739452
0.06617701,-0.023308342,0.07152552,0.99496806,0.0,1560228739472
0.062129207,-0.024327315,0.07969428,0.99458385,0.0,1560228739492
0.057877347,-0.026554674,0.09170567,0.993748,0.0,1560228739512
0.054919224,-0.029706335,0.10985895,0.99198407,0.0,1560228739532
0.05355288,-0.03265955,0.12474172,0.9902045,0.0,1560228739551
0.05400984,-0.034874078,0.13648911,0.9885532,0.0,1560228739572
0.05611101,-0.0363239,0.14383987,0.987341,0.0,1560228739592
0.05871802,-0.037222285,0.14736874,0.98663527,0.0,1560228739612
0.061187897,-0.03780631,0.1532372,0.9855684,0.0,1560228739631
0.06324094,-0.038536195,0.15735513,0.98476136,0.0,1560228739651
0.06542328,-0.040326353,0.16183451,0.9838207,0.0,1560228739672
0.06665246,-0.04063415,0.16733438,0.98280495,0.0,1560228739692
0.06621664,-0.040106006,0.16916509,0.98254263,0.0,1560228739712
0.064950645,-0.039677978,0.17295955,0.9819837,0.0,1560228739731
0.06239157,-0.03975728,0.17079751,0.98252475,0.0,1560228739751
0.060372557,-0.03947893,0.17255376,0.98235524,0.0,1560228739771
0.05961366,-0.039389893,0.17126836,0.98263,0.0,1560228739791
0.059078373,-0.038205434,0.16813144,0.9832507,0.0,1560228739812
0.058000747,-0.036241606,0.1637481,0.98412853,0.0,1560228739832
0.05681281,-0.035657674,0.16125838,0.98463017,0.0,1560228739852
0.055353045,-0.0352194,0.15896265,0.9851023,0.0,1560228739872
0.054716177,-0.033397846,0.15203762,0.98629373,0.0,1560228739892
0.05532668,-0.029803012,0.14134306,0.98796403,0.0,1560228739911
0.057130337,-0.025897099,0.1303246,0.9894852,0.0,1560228739932
0.059950817,-0.02272237,0.12028897,0.9906665,0.0,1560228739951
0.06261149,-0.020668179,0.111286335,0.9915987,0.0,1560228739971
0.06496095,-0.019123938,0.10406619,0.99226236,0.0,1560228739992
0.068365805,-0.017486364,0.09805981,0.9926755,0.0,1560228740011
0.072554134,-0.014584418,0.09140138,0.9930604,0.0,1560228740032
0.07693349,-0.0112154195,0.081390746,0.9936453,0.0,1560228740052
0.08087272,-0.00849895,0.07473062,0.99388266,0.0,1560228740071
0.08391591,-0.0057421844,0.070834756,0.9939354,0.0,1560228740091
0.08654678,-0.001791117,0.065158755,0.9941131,0.0,1560228740111
0.08958339,0.0034764605,0.058356456,0.99426216,0.0,1560228740131
0.093227476,0.008050866,0.05412514,0.99413997,0.0,1560228740152
0.09631032,0.010267766,0.054446477,0.9938081,0.0,1560228740172
0.09801941,0.01036526,0.06377144,0.9930851,0.0,1560228740191
0.09840833,0.009409266,0.0758141,0.9922094,0.0,1560228740211
0.09835613,0.0088217715,0.08473305,0.9914981,0.0,1560228740232
0.09927323,0.009925045,0.092171684,0.99073243,0.0,1560228740252
0.10194198,0.012301882,0.09838133,0.98983717,0.0,1560228740271
0.10427174,0.015789548,0.10069006,0.9893127,0.0,1560228740291
0.10548403,0.018691411,0.104684636,0.9887188,0.0,1560228740311
0.105418876,0.02011464,0.11263261,0.98782396,0.0,1560228740332
0.10619857,0.02063776,0.122754924,0.9865228,0.0,1560228740351
0.10913444,0.021134386,0.1304088,0.98520887,0.0,1560228740372
0.11359234,0.021406865,0.13191734,0.984498,0.0,1560228740392
0.11836607,0.02124003,0.13052723,0.9841245,0.0,1560228740411
0.11966136,0.022510804,0.13083977,0.98389804,0.0,1560228740432
0.120165415,0.024168748,0.13142914,0.98371875,0.0,1560228740452
0.12175751,0.025762465,0.13127181,0.98350346,0.0,1560228740471
0.12435679,0.026162945,0.13082856,0.9832267,0.0,1560228740492
0.12542109,0.026010603,0.133054,0.98279685,0.0,1560228740511
0.12468907,0.025945935,0.13528949,0.9825865,0.0,1560228740531
0.12411187,0.026727075,0.13453181,0.98274267,0.0,1560228740551
0.12386291,0.028089246,0.1340303,0.9828046,0.0,1560228740571
0.12633376,0.026474653,0.13606822,0.9822547,0.0,1560228740591
0.13415545,0.022521703,0.1464631,0.97981817,0.0,1560228740611
0.13814524,0.020168213,0.1481747,0.9790574,0.0,1560228740631
0.13557187,0.020844318,0.14934582,0.979225,0.0,1560228740651
0.1353284,0.02145554,0.14735787,0.9795466,0.0,1560228740671
0.1348497,0.021354204,0.15120836,0.97902787,0.0,1560228740691
0.1349669,0.021741295,0.1532205,0.9786903,0.0,1560228740711
0.13610671,0.022949975,0.15782881,0.9777721,0.0,1560228740731
0.13711968,0.025046468,0.15768546,0.97760224,0.0,1560228740751
0.13851054,0.026033608,0.15261123,0.97818553,0.0,1560228740771
0.14886479,0.02468809,0.15908527,0.97566473,0.0,1560228740791
0.15329964,0.022650614,0.16466995,0.9740996,0.0,1560228740811
0.14955917,0.020752333,0.17587727,0.97276336,0.0,1560228740831
0.14631754,0.018286515,0.19133303,0.97038573,0.0,1560228740852
0.14555596,0.01748603,0.20411694,0.967907,0.0,1560228740871
0.14753073,0.016947525,0.21236828,0.96584016,0.0,1560228740891
0.1497742,0.013165142,0.2306617,0.96134776,0.0,1560228740911
0.14994346,0.010386935,0.24905373,0.95675564,0.0,1560228740931
0.1455286,0.011251315,0.25804585,0.955043,0.0,1560228740951
0.14123404,0.014298945,0.2556678,0.9562858,0.0,1560228740971
0.13740247,0.0172109,0.2533861,0.95740265,0.0,1560228740991
0.13432992,0.01937205,0.25517663,0.9573218,0.0,1560228741011
0.12981905,0.019247655,0.2640808,0.95553017,0.0,1560228741031
0.123179466,0.01838507,0.27625328,0.95298105,0.0,1560228741051
0.117006294,0.016953625,0.29171503,0.9491704,0.0,1560228741071
0.11297237,0.01596378,0.30195814,0.94646907,0.0,1560228741091
0.110312544,0.016158128,0.3036705,0.9462316,0.0,1560228741111
0.107611485,0.017549463,0.3053581,0.9459747,0.0,1560228741131
0.10343936,0.01866002,0.31062335,0.94470376,0.0,1560228741151
0.10131515,0.015905818,0.32640737,0.9396491,0.0,1560228741171
0.10797424,0.008771413,0.34380746,0.9327706,0.0,1560228741191
0.11354629,0.0031222766,0.35852832,0.9265824,0.0,1560228741211
0.10610567,0.010620304,0.3492661,0.9309361,0.0,1560228741231
0.09840999,0.0272566,0.3091678,0.9455093,0.0,1560228741251
0.09393806,0.0467625,0.24912106,0.9627708,0.0,1560228741271
0.09736698,0.06460458,0.18196784,0.97633684,0.0,1560228741291
0.10755068,0.0806035,0.11519477,0.98420835,0.0,1560228741311
0.120754726,0.092062496,0.060699247,0.9865386,0.0,1560228741332
0.13223132,0.09762833,0.03113195,0.9859079,0.0,1560228741351
0.141025,0.09920913,0.017836822,0.9848611,0.0,1560228741371
0.14473456,0.096354425,0.017754866,0.9846078,0.0,1560228741391
0.14091018,0.09403923,0.016546305,0.9854071,0.0,1560228741410
0.13401888,0.091430284,0.019471789,0.9865598,0.0,1560228741430
0.13081542,0.091261804,0.015923278,0.98706895,0.0,1560228741450
0.13049869,0.09622139,0.0026542195,0.98676467,0.0,1560228741470
0.12975392,0.10273091,-0.01531523,0.98609114,0.0,1560228741491
0.12632571,0.10738801,-0.027209112,0.9857836,0.0,1560228741510
0.121044286,0.10593465,-0.02311854,0.9867075,0.0,1560228741531
0.11921013,0.106959954,-0.019238617,0.9869034,0.0,1560228741551
0.11742987,0.10809314,-0.018324059,0.9870108,0.0,1560228741571
0.114669,0.11013605,-0.018364001,0.9871088,0.0,1560228741591
0.1088305,0.11176387,-0.01783591,0.9875964,0.0,1560228741611
0.103734724,0.1143265,-0.025043916,0.987695,0.0,1560228741631
0.09971917,0.11843948,-0.03982912,0.9871382,0.0,1560228741651
0.09480702,0.12479721,-0.050749052,0.9863376,0.0,1560228741670
0.08706959,0.12581202,-0.04356371,0.9872651,0.0,1560228741691
0.07758013,0.12412685,-0.020890044,0.9890083,0.0,1560228741711
0.06842484,0.12198597,0.00055822276,0.99017024,0.0,1560228741730
0.060022652,0.119242184,0.019674448,0.9908539,0.0,1560228741751
0.05361485,0.11560416,0.037393123,0.9911422,0.0,1560228741771
0.049590323,0.11233322,0.053127382,0.99100935,0.0,1560228741791
0.04807908,0.1112593,0.064742066,0.9905141,0.0,1560228741811
0.048416097,0.11274702,0.06584778,0.99025655,0.0,1560228741831
0.048663024,0.11389495,0.064336486,0.99021244,0.0,1560228741850
0.04749093,0.113910064,0.06965517,0.9899077,0.0,1560228741870
0.046775207,0.11133629,0.08104479,0.9893675,0.0,1560228741891
0.045857225,0.108180195,0.09284298,0.9887236,0.0,1560228741910
0.04594484,0.10598739,0.10514904,0.98772436,0.0,1560228741930
0.049868725,0.10363006,0.0950802,0.98880416,0.0,1560228741950
0.054756578,0.10084893,0.087431714,0.9895387,0.0,1560228741971
0.05717574,0.09742853,0.098392054,0.9887151,0.0,1560228741991
0.058315508,0.09249969,0.11078684,0.9878104,0.0,1560228742010
0.058403995,0.08837224,0.12558676,0.98641133,0.0,1560228742030
0.059399266,0.08582255,0.13251588,0.9856702,0.0,1560228742051
0.06094118,0.08409949,0.13545147,0.9853255,0.0,1560228742071
0.06298406,0.08238195,0.13526389,0.9853679,0.0,1560228742091
0.064706884,0.07961075,0.140307,0.9847787,0.0,1560228742110
0.06585324,0.0764633,0.15029995,0.9834768,0.0,1560228742130
0.0677863,0.073943846,0.15271828,0.9831655,0.0,1560228742151
0.07018136,0.07304911,0.1541122,0.9828468,0.0,1560228742170
0.07189654,0.071606226,0.15461859,0.98274946,0.0,1560228742190
0.071785256,0.06835448,0.16022195,0.98209137,0.0,1560228742210
0.07224199,0.0647735,0.16964348,0.98071736,0.0,1560228742230
0.07829023,0.061235495,0.17615396,0.97933173,0.0,1560228742250
0.08384086,0.058234192,0.17362884,0.97950625,0.0,1560228742270
0.08481964,0.054323588,0.17552139,0.9793094,0.0,1560228742291
0.08366729,0.04954877,0.17873357,0.9790807,0.0,1560228742311
0.08349432,0.043849923,0.18177742,0.97880685,0.0,1560228742331
0.08583347,0.0380769,0.18875025,0.97752553,0.0,1560228742350
0.08881285,0.035073373,0.18783082,0.97754884,0.0,1560228742370
0.09033297,0.03247305,0.18541172,0.9779611,0.0,1560228742390
0.09043178,0.029484902,0.18336846,0.97843176,0.0,1560228742410
0.089652196,0.02683277,0.1868609,0.977919,0.0,1560228742430
0.089399196,0.02321244,0.18591817,0.9782144,0.0,1560228742450
0.08960736,0.019845495,0.1861185,0.9782314,0.0,1560228742470
0.09141043,0.016677776,0.18943489,0.9774868,0.0,1560228742490
0.091772415,0.015185864,0.19093388,0.9771855,0.0,1560228742510
0.09171972,0.014590053,0.18922202,0.97753245,0.0,1560228742530
0.09294464,0.014465704,0.18349561,0.9785098,0.0,1560228742550
0.09483762,0.0131925745,0.18118344,0.97877693,0.0,1560228742570
0.09743944,0.0105521465,0.18427505,0.9779759,0.0,1560228742590
0.10341414,0.0082667,0.18515405,0.9772181,0.0,1560228742611
0.10836515,0.010029439,0.18207279,0.977244,0.0,1560228742630
0.10621585,0.012997899,0.17398472,0.97891706,0.0,1560228742650
0.10218779,0.012062898,0.17013511,0.98003376,0.0,1560228742670
0.10086825,0.008664751,0.17831063,0.9787522,0.0,1560228742690
0.10219062,0.0037463906,0.18987976,0.9764675,0.0,1560228742710
0.10213009,0.0022847462,0.18797553,0.9768467,0.0,1560228742730
0.101498835,0.003254056,0.17970559,0.9784648,0.0,1560228742750
0.10261485,0.0042913044,0.17127314,0.9798558,0.0,1560228742770
0.103769,0.0034198111,0.17065297,0.9798458,0.0,1560228742790
0.10473943,0.00044067885,0.17788805,0.97846067,0.0,1560228742810
0.10641984,-0.0020297,0.18376273,0.97719085,0.0,1560228742830
0.109028965,-0.003522878,0.18372026,0.97690696,0.0,1560228742850
0.112367645,-0.0037813878,0.18339089,0.9765895,0.0,1560228742870
0.11499714,-0.0035253502,0.18149914,0.9766377,0.0,1560228742890
0.11743645,-0.0047804937,0.18720514,0.9752641,0.0,1560228742910
0.11983054,-0.008329409,0.19475935,0.97346807,0.0,1560228742930
0.12296713,-0.013281622,0.201159,0.97171897,0.0,1560228742950
0.12608033,-0.017562078,0.20418671,0.97062,0.0,1560228742970
0.12689449,-0.01969271,0.20254607,0.97081673,0.0,1560228742990
0.12476694,-0.020086784,0.19880377,0.97185737,0.0,1560228743010
0.120496355,-0.01976201,0.19443358,0.97328603,0.0,1560228743030
0.115780376,-0.019305468,0.18845467,0.97504205,0.0,1560228743050
0.111865446,-0.017127544,0.18057947,0.9770281,0.0,1560228743069
0.109601736,-0.014326961,0.1680005,0.9795703,0.0,1560228743090
0.10765994,-0.011550064,0.15901965,0.98131984,0.0,1560228743110
0.10420718,-0.008048214,0.15240401,0.9827762,0.0,1560228743129
0.10137782,-0.0045350622,0.14532664,0.9841657,0.0,1560228743150
0.09952256,-0.0009949524,0.13527866,0.9857961,0.0,1560228743170
0.10053245,0.0027308958,0.12609209,0.98690754,0.0,1560228743189
0.10744651,0.0044004386,0.11914473,0.98703617,0.0,1560228743210
0.10926888,0.0038186142,0.12852603,0.9856606,0.0,1560228743230
0.110842854,0.002169954,0.1396487,0.9839753,0.0,1560228743249
0.113405295,0.00042548458,0.15264587,0.9817527,0.0,1560228743269
0.116983086,-0.0006318371,0.1624483,0.97975767,0.0,1560228743290
0.120783105,-0.0008497089,0.1713112,0.9777848,0.0,1560228743309
0.12479188,-0.0010858742,0.17774288,0.9761318,0.0,1560228743330
0.1283158,-0.00055558624,0.18087766,0.97509897,0.0,1560228743349
0.13203168,0.0008091383,0.18013911,0.9747394,0.0,1560228743370
0.13721025,0.0042823087,0.1748228,0.9749831,0.0,1560228743390
0.14383815,0.00894593,0.16593851,0.97554857,0.0,1560228743409
0.15111569,0.013267535,0.15847845,0.9756396,0.0,1560228743430
0.15708831,0.015323729,0.15759507,0.9748088,0.0,1560228743450
0.1610541,0.015187378,0.16162553,0.973503,0.0,1560228743470
0.16184786,0.013604779,0.17456077,0.97115844,0.0,1560228743490
0.16032408,0.010871079,0.19133776,0.9682809,0.0,1560228743510
0.15798841,0.009045804,0.21178503,0.9644195,0.0,1560228743529
0.15594013,0.007287365,0.23140189,0.9602514,0.0,1560228743550
0.15432863,0.0055504777,0.24997912,0.95585686,0.0,1560228743570
0.1535041,0.0035932017,0.26698995,0.9513884,0.0,1560228743590
0.15392587,0.001612522,0.2854565,0.94594866,0.0,1560228743610
0.15589856,-0.0012888293,0.29878777,0.9414987,0.0,1560228743630
0.15907505,-0.004132707,0.30597332,0.9386471,0.0,1560228743649
0.16314535,-0.0051320805,0.31475025,0.9350345,0.0,1560228743670
0.16683644,-0.0058665387,0.31788802,0.9333158,0.0,1560228743690
0.17023118,-0.0062465607,0.31908765,0.9322904,0.0,1560228743710
0.17288876,-0.005127319,0.31975788,0.9315783,0.0,1560228743730
0.17538105,-0.0037577546,0.31503743,0.9327265,0.0,1560228743749
0.17830208,-0.00081456895,0.3099931,0.93386936,0.0,1560228743769
0.18161511,0.002360228,0.30666092,0.9343283,0.0,1560228743789
0.18451361,0.0035626553,0.3045282,0.9344542,0.0,1560228743809
0.18584219,0.004423719,0.30705208,0.9333607,0.0,1560228743830
0.18553938,0.00656712,0.3091955,0.93270046,0.0,1560228743849
0.18463074,0.009042089,0.30463228,0.93436015,0.0,1560228743869
0.18475923,0.01245717,0.3028227,0.93488353,0.0,1560228743890
0.18477015,0.017320631,0.30199286,0.93507236,0.0,1560228743909
0.18429375,0.021942463,0.2990187,0.93602467,0.0,1560228743929
0.18214567,0.025987143,0.30021653,0.93595815,0.0,1560228743950
0.17778157,0.028121252,0.30616662,0.9348074,0.0,1560228743969
0.17065331,0.02923272,0.3181629,0.9320919,0.0,1560228743989
0.16373725,0.02904322,0.3332502,0.9280576,0.0,1560228744009
0.15883012,0.02710239,0.34598753,0.9243003,0.0,1560228744029
0.15494275,0.025262365,0.35671926,0.9209267,0.0,1560228744049
0.15004921,0.025952423,0.35880965,0.9209057,0.0,1560228744070
0.14395091,0.030279042,0.35304576,0.9239697,0.0,1560228744089
0.13815524,0.034316964,0.34455284,0.927911,0.0,1560228744109
0.13404518,0.034211505,0.34045944,0.93002623,0.0,1560228744129
0.13132271,0.030380044,0.34363493,0.9293796,0.0,1560228744149
0.12893702,0.024487786,0.3467682,0.9287235,0.0,1560228744169
0.12422543,0.019687844,0.34823763,0.92893004,0.0,1560228744190
0.118474506,0.015545899,0.34446546,0.9311636,0.0,1560228744210
0.115994275,0.013600113,0.33506638,0.9349283,0.0,1560228744229
0.11675303,0.012960826,0.32187855,0.9394652,0.0,1560228744249
0.11826564,0.01047197,0.3108407,0.9430173,0.0,1560228744269
0.11946201,0.0073144953,0.3073722,0.94403267,0.0,1560228744289
0.11786564,0.0031598082,0.30336645,0.9455509,0.0,1560228744309
0.11464327,-0.0010823277,0.30051467,0.9468615,0.0,1560228744329
0.11047548,-0.004181844,0.29613566,0.9487262,0.0,1560228744349
0.106059514,-0.007240823,0.2900363,0.951093,0.0,1560228744369
0.10311335,-0.01036967,0.28550684,0.952757,0.0,1560228744389
0.100630246,-0.013219873,0.27857777,0.9550357,0.0,1560228744409
0.0957095,-0.013516294,0.27401042,0.95685697,0.0,1560228744429
0.092512615,-0.014507107,0.2668672,0.959173,0.0,1560228744449
0.08997905,-0.014522797,0.258243,0.96177095,0.0,1560228744469
0.08712311,-0.013016642,0.24639967,0.9651566,0.0,1560228744489
0.08422109,-0.010829103,0.23557597,0.9681392,0.0,1560228744509
0.083730265,-0.011775243,0.23092829,0.9692898,0.0,1560228744529
0.08323896,-0.013731494,0.23767884,0.96767324,0.0,1560228744549
0.08129946,-0.01810982,0.24676183,0.96549004,0.0,1560228744569
0.079825655,-0.021146813,0.25218466,0.9641491,0.0,1560228744589
0.07923731,-0.021373577,0.24907392,0.9650009,0.0,1560228744609
0.079832606,-0.021127919,0.24333943,0.96641934,0.0,1560228744630
0.08225259,-0.022142572,0.24073663,0.96684545,0.0,1560228744650
0.084811576,-0.02477913,0.2391429,0.9669559,0.0,1560228744669
0.08676641,-0.02756713,0.23866713,0.96682453,0.0,1560228744689
0.08752133,-0.02824222,0.23315202,0.9680819,0.0,1560228744709
0.088747315,-0.027380956,0.22461738,0.97001094,0.0,1560228744729
0.08946172,-0.025571896,0.21497306,0.97217757,0.0,1560228744749
0.08914991,-0.023715688,0.21194379,0.97291815,0.0,1560228744769
0.0873603,-0.022782598,0.21188079,0.97311646,0.0,1560228744789
0.08630059,-0.024248062,0.2148359,0.9725275,0.0,1560228744809
0.08640944,-0.027176496,0.22035128,0.97120553,0.0,1560228744829
0.08776676,-0.029789085,0.22263114,0.970487,0.0,1560228744849
0.08980837,-0.03177969,0.21692467,0.97152877,0.0,1560228744869
0.09100198,-0.033083998,0.21139012,0.9725936,0.0,1560228744889
0.09082801,-0.036001667,0.20880519,0.97306454,0.0,1560228744908
0.088353865,-0.04013318,0.2132483,0.9721667,0.0,1560228744929
0.085012235,-0.043972824,0.22314219,0.9700757,0.0,1560228744949
0.08099605,-0.0453443,0.23057161,0.96861774,0.0,1560228744969
0.07925139,-0.04611857,0.23374486,0.9679647,0.0,1560228744989
0.07777017,-0.046130743,0.23571949,0.96760535,0.0,1560228745009
0.0766544,-0.047017273,0.24197066,0.9661075,0.0,1560228745029
0.07637952,-0.047546063,0.2509902,0.9637995,0.0,1560228745049
0.077087425,-0.046343856,0.25772184,0.9620235,0.0,1560228745069
0.0776908,-0.042515926,0.2561619,0.9625682,0.0,1560228745089
0.07788675,-0.037856963,0.25315723,0.9635413,0.0,1560228745109
0.07727104,-0.03457106,0.25135005,0.9641873,0.0,1560228745129
0.075691566,-0.033281423,0.25021985,0.9646518,0.0,1560228745148
0.07502895,-0.03197291,0.24945083,0.964947,0.0,1560228745168
0.07576887,-0.030296804,0.23852275,0.96770245,0.0,1560228745188
0.07619803,-0.026091315,0.22251882,0.9715958,0.0,1560228745208
0.07837277,-0.02321342,0.20760065,0.9747927,0.0,1560228745228
0.080519915,-0.022415813,0.19702007,0.9768302,0.0,1560228745249
0.08169044,-0.022518434,0.19006224,0.97810835,0.0,1560228745268
0.08362784,-0.023525676,0.18450081,0.97898537,0.0,1560228745289
0.08794436,-0.026626373,0.18106441,0.9791693,0.0,1560228745308
0.09208572,-0.029790882,0.17808469,0.9792439,0.0,1560228745329
0.09437654,-0.033367302,0.174501,0.97955555,0.0,1560228745348
0.097731866,-0.037758596,0.17430295,0.97910225,0.0,1560228745368
0.102951765,-0.041115586,0.17145565,0.9789348,0.0,1560228745389
0.10536169,-0.042848945,0.16395716,0.9798882,0.0,1560228745408
0.10628509,-0.0452259,0.15666649,0.98087394,0.0,1560228745429
0.104857564,-0.047930505,0.1541946,0.98129076,0.0,1560228745449
0.103383824,-0.050948996,0.15060557,0.9818523,0.0,1560228745469
0.10324226,-0.053674914,0.14540015,0.9825064,0.0,1560228745488
0.10445077,-0.055619497,0.14858544,0.9817937,0.0,1560228745508
0.10578375,-0.056881577,0.15503432,0.98058075,0.0,1560228745528
0.10554511,-0.05736452,0.15937217,0.97988266,0.0,1560228745549
0.103700824,-0.0560713,0.16069323,0.9799387,0.0,1560228745568
0.10477067,-0.054129045,0.16231559,0.97966665,0.0,1560228745589
0.105835214,-0.051930513,0.16432549,0.97933614,0.0,1560228745609
0.10454693,-0.052056886,0.16398115,0.9795255,0.0,1560228745629
0.10120332,-0.05239167,0.17288487,0.97832704,0.0,1560228745648
0.09601934,-0.049408466,0.17875779,0.97794926,0.0,1560228745668
0.089881904,-0.04472684,0.17449842,0.9795259,0.0,1560228745688
0.084272,-0.040538542,0.18103087,0.9790213,0.0,1560228745708
0.0815772,-0.03952143,0.18768461,0.97803766,0.0,1560228745728
0.08081936,-0.038414925,0.1993969,0.9758245,0.0,1560228745749
0.08084126,-0.036912493,0.21027811,0.973594,0.0,1560228745769
0.08254284,-0.035129927,0.21382155,0.97274506,0.0,1560228745789
0.084776655,-0.032070074,0.21497521,0.9724043,0.0,1560228745808
0.08637123,-0.0276657,0.2152676,0.97233456,0.0,1560228745828
0.08711701,-0.023129947,0.2148503,0.9724788,0.0,1560228745848
0.08762044,-0.018619563,0.2192924,0.97153836,0.0,1560228745869
0.08898058,-0.015079134,0.22338721,0.9705427,0.0,1560228745889
0.090160705,-0.01027677,0.22820224,0.96937567,0.0,1560228745908
0.091463126,-0.005803157,0.23274845,0.96820915,0.0,1560228745928
0.09182794,-0.0014319862,0.23748474,0.9670401,0.0,1560228745948
0.09256111,0.0021758173,0.24146783,0.9659819,0.0,1560228745968
0.09377075,0.004548779,0.24615458,0.96467316,0.0,1560228745988
0.09432245,0.005749619,0.2584762,0.96138453,0.0,1560228746008
0.09414524,0.006064366,0.27531552,0.9567138,0.0,1560228746028
0.093945,0.005978065,0.29019856,0.9523252,0.0,1560228746048
0.0945483,0.006028111,0.30762866,0.9467782,0.0,1560228746069
0.09569327,0.0060994485,0.32437515,0.94105595,0.0,1560228746088
0.0972566,0.006106032,0.33867544,0.93584335,0.0,1560228746108
0.09940439,0.0053215553,0.3515794,0.9308503,0.0,1560228746128
0.10226932,0.0038726549,0.36133122,0.92680407,0.0,1560228746148
0.10535297,0.0027711687,0.37119535,0.9225547,0.0,1560228746168
0.10824157,0.0015736186,0.37926152,0.91893524,0.0,1560228746188
0.11065234,0.0015822496,0.38889432,0.9146118,0.0,1560228746208
0.11236875,0.0028371154,0.39548948,0.9115664,0.0,1560228746229
0.11426419,0.0048026103,0.4011922,0.9088264,0.0,1560228746248
0.11603674,0.006095451,0.40415394,0.9072805,0.0,1560228746268
0.11795098,0.0067173704,0.4083502,0.9051478,0.0,1560228746288
0.120288566,0.006964595,0.41111785,0.9035841,0.0,1560228746308
0.1219467,0.009738102,0.41047797,0.90362716,0.0,1560228746328
0.12021103,0.012267783,0.41123083,0.9034866,0.0,1560228746348
0.11719506,0.011852888,0.41397876,0.9026331,0.0,1560228746368
0.1199383,0.010168455,0.40993765,0.90413636,0.0,1560228746388
0.12946232,0.009526374,0.39809197,0.90811425,0.0,1560228746408
0.13670412,0.0065665916,0.39978048,0.9063357,0.0,1560228746428
0.13953045,0.0017782,0.40710825,0.90265775,0.0,1560228746448
0.14914808,-0.0054734154,0.41541368,0.8973051,0.0,1560228746468
0.16121367,-0.010082693,0.4109852,0.89721775,0.0,1560228746488
0.16468036,-0.008677922,0.39593863,0.903348,0.0,1560228746509
0.16341846,-0.0061299237,0.38122243,0.90990454,0.0,1560228746529
0.16502598,-0.0056551117,0.370782,0.91392297,0.0,1560228746549
0.1686647,-0.01015784,0.36584026,0.9152103,0.0,1560228746568
0.16623895,-0.01246096,0.36186007,0.91720587,0.0,1560228746588
0.15826832,-0.008151702,0.35068646,0.92298627,0.0,1560228746608
0.14943746,-0.0067667887,0.3520104,0.92396504,0.0,1560228746628
0.1370262,-0.008804189,0.37377095,0.91730124,0.0,1560228746648
0.1258035,-0.013209594,0.41135815,0.9026536,0.0,1560228746668
0.11164369,-0.010035635,0.44141454,0.8902742,0.0,1560228746688
0.1192931,-0.012773533,0.45727968,0.8811931,0.0,1560228746707
0.14314982,-0.021427944,0.45795625,0.8771118,0.0,1560228746728
0.16007818,-0.03233434,0.4729263,0.86583495,0.0,1560228746748
0.16602823,-0.040214702,0.47993737,0.86051005,0.0,1560228746768
0.16420047,-0.043192565,0.48165917,0.8597541,0.0,1560228746787
0.16663268,-0.049954053,0.48005116,0.8598192,0.0,1560228746808
0.17238073,-0.058520444,0.47943336,0.85848933,0.0,1560228746827
0.1719068,-0.061621312,0.46754494,0.86490035,0.0,1560228746848
0.16429913,-0.05713,0.4517123,0.87504166,0.0,1560228746867
0.15148573,-0.048985105,0.4336945,0.8868831,0.0,1560228746888
0.14041401,-0.042927496,0.4163414,0.8972742,0.0,1560228746908
0.13373086,-0.038856257,0.40177065,0.90508926,0.0,1560228746928
0.12802082,-0.03560289,0.38715008,0.9123913,0.0,1560228746947
0.12125939,-0.031056229,0.3686404,0.9211058,0.0,1560228746968
0.1082184,-0.018025367,0.3374457,0.9349301,0.0,1560228746988
0.101630956,-0.011135797,0.31533977,0.94345534,0.0,1560228747008
0.09638807,-0.0040903417,0.29244652,0.95140296,0.0,1560228747028
0.09289136,0.0014869919,0.27457705,0.9570666,0.0,1560228747047
0.08976254,0.005665606,0.26073548,0.9612115,0.0,1560228747068
0.086515546,0.009050902,0.24671069,0.9651772,0.0,1560228747087
0.083510086,0.013863099,0.24872199,0.9648685,0.0,1560228747108
0.08160544,0.018353963,0.24772006,0.9652142,0.0,1560228747128
0.081184365,0.020677224,0.24775374,0.9651941,0.0,1560228747148
0.07774208,0.021295002,0.25650138,0.9631769,0.0,1560228747168
0.074013606,0.020251218,0.26955476,0.95992297,0.0,1560228747188
0.07339501,0.018075962,0.27551156,0.95832133,0.0,1560228747208
0.074197486,0.017403658,0.27586263,0.958171,0.0,1560228747227
0.07243272,0.01859351,0.26538387,0.9612384,0.0,1560228747247
0.0679048,0.019664234,0.25292537,0.9648995,0.0,1560228747267
0.06729417,0.015274977,0.24839737,0.96619713,0.0,1560228747287
0.066446275,0.0077994983,0.23377983,0.96998507,0.0,1560228747308
0.062276043,-0.0015374501,0.22324277,0.9727703,0.0,1560228747327
0.05622758,-0.012380634,0.2216364,0.9734282,0.0,1560228747347
0.049567986,-0.023459356,0.2160087,0.9748502,0.0,1560228747368
0.050129928,-0.02976798,0.19516556,0.97903585,0.0,1560228747388
0.045989875,-0.029617885,0.15687978,0.9861016,0.0,1560228747407
0.0372363,-0.020651186,0.09603657,0.99446666,0.0,1560228747428
0.032287184,-0.019359538,0.06173963,0.99738204,0.0,1560228747447
0.042612273,-0.036405046,0.10057303,0.99334985,0.0,1560228747468
0.058132954,-0.05443873,0.14145748,0.9867354,0.0,1560228747488
0.07023556,-0.07149948,0.18681203,0.9772697,0.0,1560228747507
0.07259361,-0.083122216,0.23390986,0.9659747,0.0,1560228747527
0.0734079,-0.09084257,0.27388388,0.9546447,0.0,1560228747547
0.07392415,-0.09206112,0.30513728,0.94496095,0.0,1560228747568
0.066294394,-0.08865809,0.33867288,0.934369,0.0,1560228747587
0.058766242,-0.09161799,0.38861772,0.9149475,0.0,1560228747607
0.047412805,-0.0901189,0.4475188,0.88845795,0.0,1560228747627
0.02855497,-0.07753653,0.48469573,0.87077135,0.0,1560228747648
0.009502617,-0.056513686,0.50530136,0.861038,0.0,1560228747668
-0.0069819563,-0.03305538,0.5174291,0.8550589,0.0,1560228747688
-0.021195846,-0.0075898357,0.5213064,0.8530725,0.0,1560228747708
-0.04280398,0.025228979,0.51279044,0.85707486,0.0,1560228747727
